Description,ASIN,Product Description,Manufacturer
URBAN TRIBE Fitpack Neo Multipurpose Laptop Backpack for Men & Women | Laptop Bag 15.6 inch | Gym backpack with Shoe Compartment,Not available,"A smaller yet hyperfunctional backpack in the Fitpack series. This stylish backpack for college students is compact and super light with amazing features. It has three compartments to keep all your daily essentials. One laptop compartment that can accommodate a 15.6 inch laptop as well as a tab. A front compartment with an organizer so good it can hold all your stationery and electronic gadgets and accessories. Moreover, there is a keyholder so you can access your keys when you need them without having to fish for them. In addition to that, the front pocket can hold some books as well as a diary. You can fit a few other miscellaneous items you may need during the day. Another helpful compartment is the separate shoe compartment. You can use this to keep an extra pair of shoes or sandals if you may need them. The back padding and shoulder straps are well ventilated and soft. The bag is designed with reflective branding to keep you safe in the dark. It warns others of your presence and avoids accidents. Fitpack Neo is not only a stylish backpack for college students but also a great travel backpack. Just throw in your clothes and travel essentials and hit the road.",Not available
URBAN TRIBE Fitpack Pro Multipurpose Laptop Backpack for Men & Women | Laptop Bag 15.6 inch | Gym Backpack with Shoe Compartment,Not available,Not available,Not available
Not available,Not available,Not available,Not available
Not available,Not available,Not available,Not available
Not available,Not available,Not available,Not available
Not available,Not available,Not available,Not available
"Amazon Basics Opel Laptop Bag/Office/College Backpack for 15.6 inch laptop(20 L, Grey)",Not available,Not available,Not available
Not available,Not available,Not available,Not available
Not available,Not available,Not available,Not available
Amazon Basics 20 ltrs Casual/Travel/College Backpack for 15.6-inch Laptop | Water Resistant Fabric,Not available,Not available,Not available
Not available,Not available,Not available,Not available
Not available,Not available,Not available,Not available
Not available,Not available,Not available,Not available
Not available,Not available,Not available,Not available
Not available,Not available,Not available,Not available
Not available,Not available,Not available,Not available
Not available,Not available,Not available,Not available
Not available,Not available,Not available,Not available
Not available,Not available,Not available,Not available
"WALKENT Premium 15.6 Inch Laptop Bag | External USB | Waterproof Backpack | Cushioned Straps | Multi Pockets | For Office, College, Men, Women - Urban, 28 Ltrs",Not available,"WALKENT Urban Laptop Bag is one the most versatile laptop, computer, tablet bag. With Durable, Long Lasting Mountain Oxford Cloth finish with durable material quality, this laptop backpack is something that everyone with laptop will needWhy Buy the Urban Laptop Bag?➡️ Separate Laptop Compartment: Fits under 15.6"" Inch Laptops➡️ Water Repellent and Scratch Resistant Oxford Fabric outer material➡️ Headphone / USB Cable Hole in right side of the bag to easily charge your phone or listen to music with phone tucked away inside➡️ Separate Compartment for Laptops and other items like pens, daily necessities, tech products etc…➡️ Cushioned Laptop Compartment for better protection of your gadgets and work essentials➡️ Padded straps and bag back makes carrying this bag easy and comfortable. It makes carrying heaviest of lead lightweight➡️ Best Gifting Idea. Practical birthday gifts and functional present for those who go to work, office, college, traveling ➡️ Durable Materials with high quality zipper makes this backpack long lasting and sturdy Now get STYLE WITH FUNCTIONALITY with the WALKENT Urban Laptop Bag. BUY NOW!!!",Not available
"WALKENT 15.6"" Laptop Bags with Special Waterproof Silk Polyester Material for Office, College, Men & Women (Model Hazel, 20 Liters, Black)",Not available,Not available,Not available
Not available,Not available,Not available,Not available
Not available,Not available,Not available,Not available
Not available,Not available,Not available,Not available
Not available,Not available,Not available,Not available
Not available,Not available,Not available,Not available
Not available,Not available,Not available,Not available
Not available,Not available,Not available,Not available
Not available,Not available,Not available,Not available
"URBAN TRIBE Havana Laptop Backpack for Men & Women | Laptop Bag 15.6 inch | Office Work/Casual/College Bag | Black, 27L",Not available,Not available,Not available
Amazon Basics Laptop Bag for 15.6 Inch Laptops | College/Travel Backpack with USB Charging Port and Anti-Theft Pocket | 23 L,Not available,"Introducing the Amazon Basics Laptop Bag. It comes equipped with 2 main compartments and a laptop sleeve that accomodates up to a 15.6 inch laptop. The additional front zipper pockets, side pockets give you more storage space while the hidden back pocket allows you to keep your valuable belongings safe. The ergonomic back design and padded shoulder straps add comfort to your commute. The bag also sports a pull-rod box that allows you to stow the bag onto your luggage handle for ease.",Not available
"WALKENT 15.6"" Laptop Bags with Special Waterproof Silk Polyester Material for Office, College, Men & Women (Model Hazel, 20 Liters, Black)",Not available,Not available,Not available
"WALKENT 15.6"" Laptop Bags with Special Waterproof Silk Polyester Material for Office, College, Men & Women (Model Hazel, 20 Liters, Black)",Not available,Not available,Not available
COSMUS Agility Convertible Backpack Messenger Bag Shoulder bag Laptop Case Handbag Business Briefcase Multi-functional Travel Bag Fits 15.6 Inch Laptop,Not available,"Cosmus Agility - Must have for travel enthusiast tech savvy guys Cosmus bases on the cutting-edge of fashion trends, pursuing the best quality of bag category and devoting to providing the best product and service to customers. We make every effort to achieve the best in every detail of design, color, material, sewing, sales and service. Over the years we earned customer trust and this entrust us to provide high quality bags.  Backpack style Comfortable back strap system, easy and convenient to load on your back. Shoulder bag style One back pocket for hiding the back straps, A removable Shoulder strap been included, when you use it as a shoulder bag. Messenger bag style One back pocket for hiding the back straps when you use it as a messenger bag.",Not available
"WALKENT Premium 15.6 Inch Laptop Bag | External USB | Waterproof Backpack | Cushioned Straps | Multi Pockets | For Office, College, Men, Women - Urban, 28 Ltrs",Not available,"WALKENT Urban Laptop Bag is one the most versatile laptop, computer, tablet bag. With Durable, Long Lasting Mountain Oxford Cloth finish with durable material quality, this laptop backpack is something that everyone with laptop will needWhy Buy the Urban Laptop Bag?➡️ Separate Laptop Compartment: Fits under 15.6"" Inch Laptops➡️ Water Repellent and Scratch Resistant Oxford Fabric outer material➡️ Headphone / USB Cable Hole in right side of the bag to easily charge your phone or listen to music with phone tucked away inside➡️ Separate Compartment for Laptops and other items like pens, daily necessities, tech products etc…➡️ Cushioned Laptop Compartment for better protection of your gadgets and work essentials➡️ Padded straps and bag back makes carrying this bag easy and comfortable. It makes carrying heaviest of lead lightweight➡️ Best Gifting Idea. Practical birthday gifts and functional present for those who go to work, office, college, traveling ➡️ Durable Materials with high quality zipper makes this backpack long lasting and sturdy Now get STYLE WITH FUNCTIONALITY with the WALKENT Urban Laptop Bag. BUY NOW!!!",Not available
WALKENT Premium 15.6 Inch Laptop Bag Anti-Theft | Waterproof Backpack | External USB | Multiple Pockets | Cushioned Strap | For Office College Men Women - Craft (27ltr),Not available,Not available,Not available
COSMUS Darwin 29 litres Office Backpack sleek everyday use backpack,Not available,Not available,Not available
"Arctic Hunter Gaming Backpack Bag for 15.6 inch Laptop, Biking Backpack, Water-Resistant Stylish Semi-Hard Armored Backpack with USB Port for Men and Women Daily Use Students, Black",Not available,Not available,Not available
"WALKENT Premium 15.6 Inch Laptop Bag | External USB | Waterproof Backpack | Cushioned Straps | Multi Pockets | For Office, College, Men, Women - Urban, 28 Ltrs",Not available,"WALKENT Urban Laptop Bag is one the most versatile laptop, computer, tablet bag. With Durable, Long Lasting Mountain Oxford Cloth finish with durable material quality, this laptop backpack is something that everyone with laptop will needWhy Buy the Urban Laptop Bag?➡️ Separate Laptop Compartment: Fits under 15.6"" Inch Laptops➡️ Water Repellent and Scratch Resistant Oxford Fabric outer material➡️ Headphone / USB Cable Hole in right side of the bag to easily charge your phone or listen to music with phone tucked away inside➡️ Separate Compartment for Laptops and other items like pens, daily necessities, tech products etc…➡️ Cushioned Laptop Compartment for better protection of your gadgets and work essentials➡️ Padded straps and bag back makes carrying this bag easy and comfortable. It makes carrying heaviest of lead lightweight➡️ Best Gifting Idea. Practical birthday gifts and functional present for those who go to work, office, college, traveling ➡️ Durable Materials with high quality zipper makes this backpack long lasting and sturdy Now get STYLE WITH FUNCTIONALITY with the WALKENT Urban Laptop Bag. BUY NOW!!!",Not available
"FATMUG Polyester Foldable Duffle Travel Bag Luggage For Travel, Packing And Storage - Men And Women - (60 L, Black)",Not available,Not available,Not available
Not available,Not available,Not available,Not available
Not available,Not available,Not available,Not available
Not available,Not available,Not available,Not available
Not available,Not available,Not available,Not available
Not available,Not available,Not available,Not available
Not available,Not available,Not available,Not available
Not available,Not available,Not available,Not available
"WALKENT 15.6"" Laptop Bags with Special Waterproof Silk Polyester Material for Office, College, Men & Women (Model Hazel, 20 Liters, Black)",Not available,Not available,Not available
"STRABO Defender Laptop Bag, Light weight & Water resistant - Color Olive 35L, Unisex Bag",Not available,Not available,Not available
Not available,Not available,Not available,Not available
Not available,Not available,Not available,Not available
Not available,Not available,Not available,Not available
Not available,Not available,Not available,Not available
Not available,Not available,Not available,Not available
Not available,Not available,Not available,Not available
Not available,Not available,Not available,Not available
Amazon Basics Laptop Bag for 15.6 Inch Laptops | College/Travel Backpack with USB Charging Port and Anti-Theft Pocket | 23 L,Not available,"Introducing the Amazon Basics Laptop Bag. It comes equipped with 2 main compartments and a laptop sleeve that accomodates up to a 15.6 inch laptop. The additional front zipper pockets, side pockets give you more storage space while the hidden back pocket allows you to keep your valuable belongings safe. The ergonomic back design and padded shoulder straps add comfort to your commute. The bag also sports a pull-rod box that allows you to stow the bag onto your luggage handle for ease.",Not available
"URBAN TRIBE Havana Laptop Backpack for Men & Women | Laptop Bag 15.6 inch | Office Work/Casual/College Bag | Black, 27L",Not available,Not available,Not available
Not available,Not available,Not available,Not available
"Arctic Hunter Gaming Backpack Bag for 15.6 inch Laptop, Biking Backpack, Water-Resistant Stylish Semi-Hard Armored Backpack with USB Port for Men and Women Daily Use Students, Black",Not available,Not available,Not available
"WALKENT Premium 15.6 Inch Laptop Bag | External USB | Waterproof Backpack | Cushioned Straps | Multi Pockets | For Office, College, Men, Women - Urban, 28 Ltrs",Not available,"WALKENT Urban Laptop Bag is one the most versatile laptop, computer, tablet bag. With Durable, Long Lasting Mountain Oxford Cloth finish with durable material quality, this laptop backpack is something that everyone with laptop will needWhy Buy the Urban Laptop Bag?➡️ Separate Laptop Compartment: Fits under 15.6"" Inch Laptops➡️ Water Repellent and Scratch Resistant Oxford Fabric outer material➡️ Headphone / USB Cable Hole in right side of the bag to easily charge your phone or listen to music with phone tucked away inside➡️ Separate Compartment for Laptops and other items like pens, daily necessities, tech products etc…➡️ Cushioned Laptop Compartment for better protection of your gadgets and work essentials➡️ Padded straps and bag back makes carrying this bag easy and comfortable. It makes carrying heaviest of lead lightweight➡️ Best Gifting Idea. Practical birthday gifts and functional present for those who go to work, office, college, traveling ➡️ Durable Materials with high quality zipper makes this backpack long lasting and sturdy Now get STYLE WITH FUNCTIONALITY with the WALKENT Urban Laptop Bag. BUY NOW!!!",Not available
Lavie Women's Odiase Medium Satchel Bag | Ladies Purse Handbag,Not available,Not available,Not available
Not available,Not available,Not available,Not available
Not available,Not available,Not available,Not available
Not available,Not available,Not available,Not available
Not available,Not available,Not available,Not available
Not available,Not available,Not available,Not available
Not available,Not available,Not available,Not available
"WALKENT 15.6"" Laptop Bags with Special Waterproof Silk Polyester Material for Office, College, Men & Women (Model Hazel, 20 Liters, Black)",Not available,Not available,Not available
"STRABO Defender Laptop Bag, Light weight & Water resistant - Color Olive 35L, Unisex Bag",Not available,Not available,Not available
Not available,Not available,Not available,Not available
Not available,Not available,Not available,Not available
Not available,Not available,Not available,Not available
Not available,Not available,Not available,Not available
Not available,Not available,Not available,Not available
Not available,Not available,Not available,Not available
Not available,Not available,Not available,Not available
Not available,Not available,Not available,Not available
Amazon Basics Laptop Bag for 15.6 Inch Laptops | College/Travel Backpack with USB Charging Port and Anti-Theft Pocket | 23 L,Not available,"Introducing the Amazon Basics Laptop Bag. It comes equipped with 2 main compartments and a laptop sleeve that accomodates up to a 15.6 inch laptop. The additional front zipper pockets, side pockets give you more storage space while the hidden back pocket allows you to keep your valuable belongings safe. The ergonomic back design and padded shoulder straps add comfort to your commute. The bag also sports a pull-rod box that allows you to stow the bag onto your luggage handle for ease.",Not available
"URBAN TRIBE Havana Laptop Backpack for Men & Women | Laptop Bag 15.6 inch | Office Work/Casual/College Bag | Black, 27L",Not available,Not available,Not available
Not available,Not available,Not available,Not available
"WALKENT Premium 15.6 Inch Laptop Bag | External USB | Waterproof Backpack | Cushioned Straps | Multi Pockets | For Office, College, Men, Women - Urban, 28 Ltrs",Not available,"WALKENT Urban Laptop Bag is one the most versatile laptop, computer, tablet bag. With Durable, Long Lasting Mountain Oxford Cloth finish with durable material quality, this laptop backpack is something that everyone with laptop will needWhy Buy the Urban Laptop Bag?➡️ Separate Laptop Compartment: Fits under 15.6"" Inch Laptops➡️ Water Repellent and Scratch Resistant Oxford Fabric outer material➡️ Headphone / USB Cable Hole in right side of the bag to easily charge your phone or listen to music with phone tucked away inside➡️ Separate Compartment for Laptops and other items like pens, daily necessities, tech products etc…➡️ Cushioned Laptop Compartment for better protection of your gadgets and work essentials➡️ Padded straps and bag back makes carrying this bag easy and comfortable. It makes carrying heaviest of lead lightweight➡️ Best Gifting Idea. Practical birthday gifts and functional present for those who go to work, office, college, traveling ➡️ Durable Materials with high quality zipper makes this backpack long lasting and sturdy Now get STYLE WITH FUNCTIONALITY with the WALKENT Urban Laptop Bag. BUY NOW!!!",Not available
"WALKENT 15.6"" Laptop Bags with Special Waterproof Silk Polyester Material for Office, College, Men & Women (Model Hazel, 20 Liters, Black)",Not available,Not available,Not available
Not available,Not available,Not available,Not available
ADISA Light Weight Laptop Backpack 32 Ltrs,Not available,Not available,Not available
Not available,Not available,Not available,Not available
Not available,Not available,Not available,Not available
Not available,Not available,Not available,Not available
Not available,Not available,Not available,Not available
Not available,Not available,Not available,Not available
"STRABO Defender Laptop Bag, Light weight & Water resistant - Color Olive 35L, Unisex Bag",Not available,Not available,Not available
Half Moon Large 37L Laptop Bag Backpack for menं Women Boys and Girls Luggage Travel Bags with 17.3 inches Laptop Compartment & Rain Cover,Not available,"This backpack is lightweight water-resistant, capacity of approx 37 Ltr, has a soft and ventilated back panel, and is perfect for carrying all your necessities. Adjustable and breathable padded shoulder strap to meet different requirements for both men and women; made from highly rip and water-resistant polyester fabric, provide strengthen and long-lasting performance; roomy enough for your traveling requirements also having a Rain cover.",Not available
Not available,Not available,Not available,Not available
Not available,Not available,Not available,Not available
Not available,Not available,Not available,Not available
Not available,Not available,Not available,Not available
"Lenovo 16-inch Value Lite Backpack, Comfortable, Padded Back Panel, Slim and Sleek, Dedicated Laptop Compartment, Padded Shoulder Straps for Optimal Comfort and Ergonomic Support (4X41C94115)",Not available,Not available,Not available
Not available,Not available,Not available,Not available
Not available,Not available,Not available,Not available
Not available,Not available,Not available,Not available
Amazon Basics Laptop Bag for 15.6 Inch Laptops | College/Travel Backpack with USB Charging Port and Anti-Theft Pocket | 23 L,Not available,"Introducing the Amazon Basics Laptop Bag. It comes equipped with 2 main compartments and a laptop sleeve that accomodates up to a 15.6 inch laptop. The additional front zipper pockets, side pockets give you more storage space while the hidden back pocket allows you to keep your valuable belongings safe. The ergonomic back design and padded shoulder straps add comfort to your commute. The bag also sports a pull-rod box that allows you to stow the bag onto your luggage handle for ease.",Not available
"URBAN TRIBE Havana Laptop Backpack for Men & Women | Laptop Bag 15.6 inch | Office Work/Casual/College Bag | Black, 27L",Not available,Not available,Not available
Not available,Not available,Not available,Not available
"WALKENT Premium 15.6 Inch Laptop Bag | External USB | Waterproof Backpack | Cushioned Straps | Multi Pockets | For Office, College, Men, Women - Urban, 28 Ltrs",Not available,"WALKENT Urban Laptop Bag is one the most versatile laptop, computer, tablet bag. With Durable, Long Lasting Mountain Oxford Cloth finish with durable material quality, this laptop backpack is something that everyone with laptop will needWhy Buy the Urban Laptop Bag?➡️ Separate Laptop Compartment: Fits under 15.6"" Inch Laptops➡️ Water Repellent and Scratch Resistant Oxford Fabric outer material➡️ Headphone / USB Cable Hole in right side of the bag to easily charge your phone or listen to music with phone tucked away inside➡️ Separate Compartment for Laptops and other items like pens, daily necessities, tech products etc…➡️ Cushioned Laptop Compartment for better protection of your gadgets and work essentials➡️ Padded straps and bag back makes carrying this bag easy and comfortable. It makes carrying heaviest of lead lightweight➡️ Best Gifting Idea. Practical birthday gifts and functional present for those who go to work, office, college, traveling ➡️ Durable Materials with high quality zipper makes this backpack long lasting and sturdy Now get STYLE WITH FUNCTIONALITY with the WALKENT Urban Laptop Bag. BUY NOW!!!",Not available
"WALKENT 15.6"" Laptop Bags with Special Waterproof Silk Polyester Material for Office, College, Men & Women (Model Hazel, 20 Liters, Black)",Not available,Not available,Not available
Not available,Not available,Not available,Not available
"Genie Camellia School Bag for Girls, 17 inch Backpack for Women, 3 compartments Water Resistant Stylish and Trendy College Backpacks for Girls",Not available,Not available,Not available
Not available,Not available,Not available,Not available
Not available,Not available,Not available,Not available
Not available,Not available,Not available,Not available
Not available,Not available,Not available,Not available
Not available,Not available,Not available,Not available
Not available,Not available,Not available,Not available
"STRABO Defender Laptop Bag, Light weight & Water resistant - Color Olive 35L, Unisex Bag",Not available,Not available,Not available
"URBAN TRIBE Havana Laptop Backpack for Men & Women | Laptop Bag 15.6 inch | Office Work/Casual/College Bag | Black, 27L",Not available,Not available,Not available
Not available,Not available,Not available,Not available
Not available,Not available,Not available,Not available
Not available,Not available,Not available,Not available
Not available,Not available,Not available,Not available
Not available,Not available,Not available,Not available
Not available,Not available,Not available,Not available
Not available,Not available,Not available,Not available
Not available,Not available,Not available,Not available
Amazon Basics Laptop Bag for 15.6 Inch Laptops | College/Travel Backpack with USB Charging Port and Anti-Theft Pocket | 23 L,Not available,"Introducing the Amazon Basics Laptop Bag. It comes equipped with 2 main compartments and a laptop sleeve that accomodates up to a 15.6 inch laptop. The additional front zipper pockets, side pockets give you more storage space while the hidden back pocket allows you to keep your valuable belongings safe. The ergonomic back design and padded shoulder straps add comfort to your commute. The bag also sports a pull-rod box that allows you to stow the bag onto your luggage handle for ease.",Not available
URBAN TRIBE Airborne 30L Convertible Laptop Backpack for Men and Women | Laptop Bag 15.6 inch | Suitcase/Briefcase Style Backpack,Not available,"It's super-sized to take care of all your travel clothing, shoes, accessories and each separated by our smart interiors. What’s more, UT Airborne has a separate 360 degree protected laptop compartment. This makes sorting and retrieving stuff from your backpack a breeze, especially when you are racing against time at an airport! We've also thrown in a few extra pockets and surprises along the way.",Not available
Not available,Not available,Not available,Not available
"WALKENT 15.6"" Laptop Bags with Special Waterproof Silk Polyester Material for Office, College, Men & Women (Model Hazel, 20 Liters, Black)",Not available,Not available,Not available
"WALKENT Premium 15.6 Inch Laptop Bag | External USB | Waterproof Backpack | Cushioned Straps | Multi Pockets | For Office, College, Men, Women - Urban, 28 Ltrs",Not available,"WALKENT Urban Laptop Bag is one the most versatile laptop, computer, tablet bag. With Durable, Long Lasting Mountain Oxford Cloth finish with durable material quality, this laptop backpack is something that everyone with laptop will needWhy Buy the Urban Laptop Bag?➡️ Separate Laptop Compartment: Fits under 15.6"" Inch Laptops➡️ Water Repellent and Scratch Resistant Oxford Fabric outer material➡️ Headphone / USB Cable Hole in right side of the bag to easily charge your phone or listen to music with phone tucked away inside➡️ Separate Compartment for Laptops and other items like pens, daily necessities, tech products etc…➡️ Cushioned Laptop Compartment for better protection of your gadgets and work essentials➡️ Padded straps and bag back makes carrying this bag easy and comfortable. It makes carrying heaviest of lead lightweight➡️ Best Gifting Idea. Practical birthday gifts and functional present for those who go to work, office, college, traveling ➡️ Durable Materials with high quality zipper makes this backpack long lasting and sturdy Now get STYLE WITH FUNCTIONALITY with the WALKENT Urban Laptop Bag. BUY NOW!!!",Not available
Not available,Not available,Not available,Not available
Not available,Not available,Not available,Not available
Fastrack Women's Sling Bag (Black),Not available,Not available,Not available
Not available,Not available,Not available,Not available
Half Moon 30L Water Resistant 15.6 inch Laptop Bag/Backpack for Men | School Bag for Boys Girls | Office Bag pack for Men/Office Back Packed for Women with Padded Laptop Compartment,Not available,Not available,Not available
Not available,Not available,Not available,Not available
Not available,Not available,Not available,Not available
Not available,Not available,Not available,Not available
"STRABO Defender Laptop Bag, Light weight & Water resistant - Color Olive 35L, Unisex Bag",Not available,Not available,Not available
"URBAN TRIBE Havana Laptop Backpack for Men & Women | Laptop Bag 15.6 inch | Office Work/Casual/College Bag | Black, 27L",Not available,Not available,Not available
Not available,Not available,Not available,Not available
Not available,Not available,Not available,Not available
HAMMONDS FLYCATCHER Laptop Bag for Men - Genuine Leather Messenger Shoulder Bag - Fits 14/15.6/16 Inch Laptops - Brown Office Bag - Multiple Pockets -Water Resistant -Executive Bag for Work and Travel,Not available,Not available,Not available
Not available,Not available,Not available,Not available
Not available,Not available,Not available,Not available
Not available,Not available,Not available,Not available
Not available,Not available,Not available,Not available
Amazon Basics Laptop Bag for 15.6 Inch Laptops | College/Travel Backpack with USB Charging Port and Anti-Theft Pocket | 23 L,Not available,"Introducing the Amazon Basics Laptop Bag. It comes equipped with 2 main compartments and a laptop sleeve that accomodates up to a 15.6 inch laptop. The additional front zipper pockets, side pockets give you more storage space while the hidden back pocket allows you to keep your valuable belongings safe. The ergonomic back design and padded shoulder straps add comfort to your commute. The bag also sports a pull-rod box that allows you to stow the bag onto your luggage handle for ease.",Not available
URBAN TRIBE Airborne 30L Convertible Laptop Backpack for Men and Women | Laptop Bag 15.6 inch | Suitcase/Briefcase Style Backpack,Not available,"It's super-sized to take care of all your travel clothing, shoes, accessories and each separated by our smart interiors. What’s more, UT Airborne has a separate 360 degree protected laptop compartment. This makes sorting and retrieving stuff from your backpack a breeze, especially when you are racing against time at an airport! We've also thrown in a few extra pockets and surprises along the way.",Not available
Not available,Not available,Not available,Not available
"WALKENT 15.6"" Laptop Bags with Special Waterproof Silk Polyester Material for Office, College, Men & Women (Model Hazel, 20 Liters, Black)",Not available,Not available,Not available
"WALKENT Premium 15.6 Inch Laptop Bag | External USB | Waterproof Backpack | Cushioned Straps | Multi Pockets | For Office, College, Men, Women - Urban, 28 Ltrs",Not available,"WALKENT Urban Laptop Bag is one the most versatile laptop, computer, tablet bag. With Durable, Long Lasting Mountain Oxford Cloth finish with durable material quality, this laptop backpack is something that everyone with laptop will needWhy Buy the Urban Laptop Bag?➡️ Separate Laptop Compartment: Fits under 15.6"" Inch Laptops➡️ Water Repellent and Scratch Resistant Oxford Fabric outer material➡️ Headphone / USB Cable Hole in right side of the bag to easily charge your phone or listen to music with phone tucked away inside➡️ Separate Compartment for Laptops and other items like pens, daily necessities, tech products etc…➡️ Cushioned Laptop Compartment for better protection of your gadgets and work essentials➡️ Padded straps and bag back makes carrying this bag easy and comfortable. It makes carrying heaviest of lead lightweight➡️ Best Gifting Idea. Practical birthday gifts and functional present for those who go to work, office, college, traveling ➡️ Durable Materials with high quality zipper makes this backpack long lasting and sturdy Now get STYLE WITH FUNCTIONALITY with the WALKENT Urban Laptop Bag. BUY NOW!!!",Not available
Not available,Not available,Not available,Not available
Not available,Not available,Not available,Not available
Not available,Not available,Not available,Not available
Not available,Not available,Not available,Not available
Not available,Not available,Not available,Not available
Not available,Not available,Not available,Not available
Not available,Not available,Not available,Not available
Not available,Not available,Not available,Not available
"STRABO Defender Laptop Bag, Light weight & Water resistant - Color Olive 35L, Unisex Bag",Not available,Not available,Not available
URBAN TRIBE Airborne 30L Convertible Laptop Backpack for Men and Women | Laptop Bag 15.6 inch | Suitcase/Briefcase Style Backpack,Not available,"It's super-sized to take care of all your travel clothing, shoes, accessories and each separated by our smart interiors. What’s more, UT Airborne has a separate 360 degree protected laptop compartment. This makes sorting and retrieving stuff from your backpack a breeze, especially when you are racing against time at an airport! We've also thrown in a few extra pockets and surprises along the way.",Not available
Not available,Not available,Not available,Not available
Not available,Not available,Not available,Not available
Not available,Not available,Not available,Not available
Not available,Not available,Not available,Not available
Not available,Not available,Not available,Not available
Not available,Not available,Not available,Not available
Not available,Not available,Not available,Not available
Not available,Not available,Not available,Not available
Amazon Basics Laptop Bag for 15.6 Inch Laptops | College/Travel Backpack with USB Charging Port and Anti-Theft Pocket | 23 L,Not available,"Introducing the Amazon Basics Laptop Bag. It comes equipped with 2 main compartments and a laptop sleeve that accomodates up to a 15.6 inch laptop. The additional front zipper pockets, side pockets give you more storage space while the hidden back pocket allows you to keep your valuable belongings safe. The ergonomic back design and padded shoulder straps add comfort to your commute. The bag also sports a pull-rod box that allows you to stow the bag onto your luggage handle for ease.",Not available
AmazonBasics - Casual Backpack/Office Bag/ for a 15.6-inch Laptop,Not available,Not available,Not available
Not available,Not available,Not available,Not available
"WALKENT 15.6"" Laptop Bags with Special Waterproof Silk Polyester Material for Office, College, Men & Women (Model Hazel, 20 Liters, Black)",Not available,Not available,Not available
"WALKENT Premium 15.6 Inch Laptop Bag | External USB | Waterproof Backpack | Cushioned Straps | Multi Pockets | For Office, College, Men, Women - Urban, 28 Ltrs",Not available,"WALKENT Urban Laptop Bag is one the most versatile laptop, computer, tablet bag. With Durable, Long Lasting Mountain Oxford Cloth finish with durable material quality, this laptop backpack is something that everyone with laptop will needWhy Buy the Urban Laptop Bag?➡️ Separate Laptop Compartment: Fits under 15.6"" Inch Laptops➡️ Water Repellent and Scratch Resistant Oxford Fabric outer material➡️ Headphone / USB Cable Hole in right side of the bag to easily charge your phone or listen to music with phone tucked away inside➡️ Separate Compartment for Laptops and other items like pens, daily necessities, tech products etc…➡️ Cushioned Laptop Compartment for better protection of your gadgets and work essentials➡️ Padded straps and bag back makes carrying this bag easy and comfortable. It makes carrying heaviest of lead lightweight➡️ Best Gifting Idea. Practical birthday gifts and functional present for those who go to work, office, college, traveling ➡️ Durable Materials with high quality zipper makes this backpack long lasting and sturdy Now get STYLE WITH FUNCTIONALITY with the WALKENT Urban Laptop Bag. BUY NOW!!!",Not available
Not available,Not available,Not available,Not available
Not available,Not available,Not available,Not available
Not available,Not available,Not available,Not available
Not available,Not available,Not available,Not available
Not available,Not available,Not available,Not available
Not available,Not available,Not available,Not available
Not available,Not available,Not available,Not available
Not available,Not available,Not available,Not available
Not available,Not available,Not available,Not available
Not available,Not available,Not available,Not available
Not available,Not available,Not available,Not available
Not available,Not available,Not available,Not available
Not available,Not available,Not available,Not available
Not available,Not available,Not available,Not available
Not available,Not available,Not available,Not available
Not available,Not available,Not available,Not available
Not available,Not available,Not available,Not available
Amazon Basics Laptop Bag for 15.6 Inch Laptops | College/Travel Backpack with USB Charging Port and Anti-Theft Pocket | 23 L,Not available,"Introducing the Amazon Basics Laptop Bag. It comes equipped with 2 main compartments and a laptop sleeve that accomodates up to a 15.6 inch laptop. The additional front zipper pockets, side pockets give you more storage space while the hidden back pocket allows you to keep your valuable belongings safe. The ergonomic back design and padded shoulder straps add comfort to your commute. The bag also sports a pull-rod box that allows you to stow the bag onto your luggage handle for ease.",Not available
Not available,Not available,Not available,Not available
Not available,Not available,Not available,Not available
